{"x": 173.9683962357688, "y": 141.13596773235375}